REQUEST,MOMENT,TIMESTAMP
POST,BEGIN,1512597015415404508
POST,END,1512597015428916652
POST,BEGIN,1512597016630941837
POST,END,1512597016643816574
POST,BEGIN,1512597017846941874
POST,END,1512597017868835519
POST,BEGIN,1512597019071403159
POST,END,1512597019082275636
POST,BEGIN,1512597020283526979
POST,END,1512597020292748636
POST,BEGIN,1512597021494184782
POST,END,1512597021506021563
POST,BEGIN,1512597022707178535
POST,END,1512597022717282265
POST,BEGIN,1512597023920227517
POST,END,1512597023972234247
POST,BEGIN,1512597025173447424
POST,END,1512597025182838354
POST,BEGIN,1512597026385425522
POST,END,1512597026404278492
POST,BEGIN,1512597027605966744
POST,END,1512597027615183901
POST,BEGIN,1512597028816398582
POST,END,1512597028826304738
POST,BEGIN,1512597030028605564
POST,END,1512597030045365810
POST,BEGIN,1512597031248257145
POST,END,1512597031266474811
POST,BEGIN,1512597032469568751
POST,END,1512597032485812016
POST,BEGIN,1512597033688407278
POST,END,1512597033702417197
POST,BEGIN,1512597034905132446
POST,END,1512597034924675099
POST,BEGIN,1512597036126858675
POST,END,1512597036138332512
POST,BEGIN,1512597037339577562
POST,END,1512597037348730793
POST,BEGIN,1512597038549905712
POST,END,1512597038559741700
POST,BEGIN,1512597039762230897
POST,END,1512597039778021423
POST,BEGIN,1512597040980653293
POST,END,1512597041002181278
POST,BEGIN,1512597042205472324
POST,END,1512597042224129125
POST,BEGIN,1512597043425943671
POST,END,1512597043439784986
POST,BEGIN,1512597044641635123
POST,END,1512597044654809622
POST,BEGIN,1512597045855941627
POST,END,1512597045865129948
POST,BEGIN,1512597047066289165
POST,END,1512597047077017398
POST,BEGIN,1512597048279351231
POST,END,1512597048297129073
POST,BEGIN,1512597049498770035
POST,END,1512597049516586682
POST,BEGIN,1512597050719045909
POST,END,1512597050737807618
POST,BEGIN,1512597051940609758
POST,END,1512597051954634176
POST,BEGIN,1512597053156274911
POST,END,1512597053167714178
POST,BEGIN,1512597054370332848
POST,END,1512597054388313125
POST,BEGIN,1512597055589837648
POST,END,1512597055601111607
POST,BEGIN,1512597056803931115
POST,END,1512597056826418267
POST,BEGIN,1512597058029588367
POST,END,1512597058046619677
POST,BEGIN,1512597059249692137
POST,END,1512597059270804623
POST,BEGIN,1512597060472937871
POST,END,1512597060482278838
POST,BEGIN,1512597061685174338
POST,END,1512597061705144242
POST,BEGIN,1512597062907072992
POST,END,1512597062918673177
POST,BEGIN,1512597064120507291
POST,END,1512597064133831131
POST,BEGIN,1512597065336779480
POST,END,1512597065358957747
POST,BEGIN,1512597066561202944
POST,END,1512597066574338062
POST,BEGIN,1512597067777199095
POST,END,1512597067798924325
POST,BEGIN,1512597069001151310
POST,END,1512597069012457752
POST,BEGIN,1512597070213856772
POST,END,1512597070230094526
POST,BEGIN,1512597071431927298
POST,END,1512597071445859307
POST,BEGIN,1512597072648474610
POST,END,1512597072665123988
POST,BEGIN,1512597073868135149
POST,END,1512597073888475265
POST,BEGIN,1512597075090006177
POST,END,1512597075099340750
POST,BEGIN,1512597076301605719
POST,END,1512597076318236406
POST,BEGIN,1512597077519446560
POST,END,1512597077530948544
POST,BEGIN,1512597078733802523
POST,END,1512597078752899628
POST,BEGIN,1512597079956456646
POST,END,1512597079980691404
POST,BEGIN,1512597081182502478
POST,END,1512597081191637030
POST,BEGIN,1512597082392818809
POST,END,1512597082402143626
POST,BEGIN,1512597083603260415
POST,END,1512597083612626103
POST,BEGIN,1512597084813791781
POST,END,1512597084823096899
POST,BEGIN,1512597086024312874
POST,END,1512597086033749389
POST,BEGIN,1512597087234946462
POST,END,1512597087245770675
POST,BEGIN,1512597088447425939
POST,END,1512597088459568781
POST,BEGIN,1512597089662323063
POST,END,1512597089682608769
POST,BEGIN,1512597090884369421
POST,END,1512597090893715531
POST,BEGIN,1512597092095882744
POST,END,1512597092111437393
POST,BEGIN,1512597093314136121
POST,END,1512597093332085723
POST,BEGIN,1512597094535510712
POST,END,1512597094553890511
POST,BEGIN,1512597095755666170
POST,END,1512597095766306704
POST,BEGIN,1512597096968926094
POST,END,1512597096983180697
POST,BEGIN,1512597098185323004
POST,END,1512597098197805757
POST,BEGIN,1512597099399283187
POST,END,1512597099410993113
POST,BEGIN,1512597100613476781
POST,END,1512597100630507331
POST,BEGIN,1512597101833200551
POST,END,1512597101850511185
POST,BEGIN,1512597103052092665
POST,END,1512597103062910606
POST,BEGIN,1512597104265611030
POST,END,1512597104285987489
POST,BEGIN,1512597105488120308
POST,END,1512597105506831835
POST,BEGIN,1512597106709754526
POST,END,1512597106729468452
POST,BEGIN,1512597107932935824
POST,END,1512597107953761635
POST,BEGIN,1512597109155605246
POST,END,1512597109167120510
POST,BEGIN,1512597110370142405
POST,END,1512597110389712303
POST,BEGIN,1512597111591288970
POST,END,1512597111601998167
POST,BEGIN,1512597112804709536
POST,END,1512597112828961035
POST,BEGIN,1512597114031493654
POST,END,1512597114044486303
POST,BEGIN,1512597115246905498
POST,END,1512597115266073039
POST,BEGIN,1512597116468135098
POST,END,1512597116480614210
POST,BEGIN,1512597117683666060
POST,END,1512597117705457617
POST,BEGIN,1512597118908911771
POST,END,1512597118929469988
POST,BEGIN,1512597120131942594
POST,END,1512597120143359772
POST,BEGIN,1512597121344710232
POST,END,1512597121354105674
POST,BEGIN,1512597122556842127
POST,END,1512597122580179015
POST,BEGIN,1512597123783076166
POST,END,1512597123804030531
POST,BEGIN,1512597125007513775
POST,END,1512597125027424937
POST,BEGIN,1512597126229224949
POST,END,1512597126240647091
POST,BEGIN,1512597127443441064
POST,END,1512597127468503959
POST,BEGIN,1512597128671525961
POST,END,1512597128690917034
POST,BEGIN,1512597129893871164
POST,END,1512597129911913723
POST,BEGIN,1512597131113462294
POST,END,1512597131125390505
POST,BEGIN,1512597132328177067
POST,END,1512597132350300192
POST,BEGIN,1512597133552609794
POST,END,1512597133561978860
POST,BEGIN,1512597134764815099
POST,END,1512597134786834784
POST,BEGIN,1512597135990343828
POST,END,1512597136012565552
POST,BEGIN,1512597137215627675
POST,END,1512597137232635365
POST,BEGIN,1512597138434675159
POST,END,1512597138447003191
POST,BEGIN,1512597139649488090
POST,END,1512597139666645509
POST,BEGIN,1512597140869479841
POST,END,1512597140886800797
POST,BEGIN,1512597142088276973
POST,END,1512597142097556890
POST,BEGIN,1512597143300264889
POST,END,1512597143318520882
POST,BEGIN,1512597144520615030
POST,END,1512597144532976652
POST,BEGIN,1512597145734624807
POST,END,1512597145747838374
POST,BEGIN,1512597146949613538
POST,END,1512597146959956031
POST,BEGIN,1512597148161954177
POST,END,1512597148173472119
POST,BEGIN,1512597149374612102
POST,END,1512597149385798475
POST,BEGIN,1512597150588684138
POST,END,1512597150607630735
POST,BEGIN,1512597151810602373
POST,END,1512597151825259870
POST,BEGIN,1512597153026897984
POST,END,1512597153038869505
POST,BEGIN,1512597154241663480
POST,END,1512597154262239989
POST,BEGIN,1512597155465431876
POST,END,1512597155483813790
POST,BEGIN,1512597156685615697
POST,END,1512597156703074087
POST,BEGIN,1512597157905952927
POST,END,1512597157926207733
POST,BEGIN,1512597159128120069
POST,END,1512597159137391626
POST,BEGIN,1512597160338645491
POST,END,1512597160352746904
POST,BEGIN,1512597161555361805
POST,END,1512597161571956707
POST,BEGIN,1512597162773698342
POST,END,1512597162785056840
POST,BEGIN,1512597163987756867
POST,END,1512597164004939742
POST,BEGIN,1512597165206351250
POST,END,1512597165215509418
POST,BEGIN,1512597166416672788
POST,END,1512597166426220143
POST,BEGIN,1512597167627477046
POST,END,1512597167638831236
POST,BEGIN,1512597168841426238
POST,END,1512597168860001978
POST,BEGIN,1512597170062866681
POST,END,1512597170079679714
POST,BEGIN,1512597171282330273
POST,END,1512597171300262564
POST,BEGIN,1512597172503010186
POST,END,1512597172524113562
POST,BEGIN,1512597173726414621
POST,END,1512597173737725736
POST,BEGIN,1512597174940434535
POST,END,1512597174960213212
POST,BEGIN,1512597176163709503
POST,END,1512597176183448992
POST,BEGIN,1512597177386309550
POST,END,1512597177408464957
POST,BEGIN,1512597178612191094
POST,END,1512597178632048307
POST,BEGIN,1512597179835724474
POST,END,1512597179857617888
POST,BEGIN,1512597181059738615
POST,END,1512597181069460038
POST,BEGIN,1512597182270818888
POST,END,1512597182280531305
POST,BEGIN,1512597183483338640
POST,END,1512597183503217637
POST,BEGIN,1512597184706524486
POST,END,1512597184724873101
POST,BEGIN,1512597185926350815
POST,END,1512597185938124445
POST,BEGIN,1512597187139895428
POST,END,1512597187153365720
POST,BEGIN,1512597188356155427
POST,END,1512597188373869337
POST,BEGIN,1512597189577343647
POST,END,1512597189597163024
POST,BEGIN,1512597190800506079
POST,END,1512597190820686774
POST,BEGIN,1512597192023229353
POST,END,1512597192034612925
POST,BEGIN,1512597193236543483
POST,END,1512597193248293701
POST,BEGIN,1512597194451164730
POST,END,1512597194465628293
POST,BEGIN,1512597195668426277
POST,END,1512597195689023263
POST,BEGIN,1512597196892296114
POST,END,1512597196910715843
POST,BEGIN,1512597198112516611
POST,END,1512597198125126629
